Tytul;Nazwisko
10 superprzygod z komputerem;Jagielski
ABC Access 2002;Nelson
ABC komputera;Kruk
ABC komputera;Davis
Access 2000 PL. Cwiczenia praktyczne;Gookin
Alchemia konfiguracji Windows 98;Kruk
Alchemia konfiguracji Windows 98;Gookin
Amiga 500. Podrecznik uzytkownika.;Jagielski
AmiPro do Windows;Bielecki
Anatomia PC;Madej
Asembler: podrecznik uzytkownika;Kruk
Bezposrednie systemy informacyjne;Bielecki
Biblioteczka Komputer Swiat:Windows 98,95,Millenium. 100 celnych superwskazowek.;Czarny
Bios- Dos;Lewis
Commodore 64 - instrukcja obslugi;Pancewicz
DBase III Plus;Madej
DOS dla opornych;Gookin
Elementy informatyki;Davis
Elementy informatyki: podrecznik;Syslo
Elementy informatyki: rozwiazania zadan;Syslo
Excel 2000;Madej
Excel 97- Praktyczne porady, wskazowki, szybkie metody;Nelson
Flash 4 : Narzedzie dla profesjonalistow tworzacych animacje w internecie;Kruk
Ilustrowany slownik komputerowy dla opornych;Wojciechowski
Ilustrowany slownik komputerowy dla opornych;Gookin
Ilustrowany slownik komputerowy dla opornych;Bielecki
Informatyka bez tajemnic;Sikorski
Informatyka bez tajemnic;Nowakowski
Informatyka bez tajemnic. Cz. 3, Programowanie mikrokomputerow;Sikorski
Informatyka bez tajemnic. Cz. 3, Programowanie mikrokomputerow;Nowakowski
Informatyka bez tajemnic. Obsluga mikrokomputerow;Sikorski
Informatyka bez tajemnic. Obsluga mikrokomputerow;Nowakowski
Informatyka DOS i .....;Pancewicz
Informatyka DOS i .....;Jagielski
Internet;Aitken
Internet : poradnik;Harold
Internet : zeglowanie w World Wide Web, wymiana opinii w grupach dyskusyjnych;Davis
Internet bez tajemnic;Kaczmarczyk
Internet cwiczenia praktyczne;Rajca
Internet Explorer 5 - to proste;Madej
Internet krok po kroku;Pancewicz
Internet na skroty;Kruk
Jezyk Clipper;Walczak
Komputer dla nauczycieli;Todd
Komputer dla nauczycieli;Kaczmarczyk
Komputer dla opornych;Gookin
Komputer na 101 sposobow;Davis
Kurs IBM Programowanie zeszyt 1;Rose
Kurs IBM Programowanie zeszyt 2;Rose
Kurs IBM Programowanie zeszyt 3;Rose
Kurs IBM Programowanie zeszyt 4;Rose
Kurs IBM Programowanie zeszyt 5;Rose
Kurs IBM Programowanie zeszyt 6;Rose
Kurs IBM Programowanie zeszyt 7;Rose
Maker 5 dla kazdego;Rose
Maker 5 dla kazdego;Lewis
Microsoft Access krok po kroku;Sokol
Microsoft Office 97 z marszu;Madej
Microsoft Office XP - Kompendium;Rose
Microsoft Windows 98 PL : przewodnik od A do Z;Nelson
Microsoft Word 2000;Bielecki
Microsoft Word 2000 z marszu;Madej
Moj przyjaciel komputer;Wojciechowski
MS Word 6.0 PL;Davis
Nagrywanie plyt CD w Windows i Linuksie. Cwiczenia praktyczne;Davis
Naprawa i rozbudowa komputera dla opornych;Rajca
Netykieta, czyli kodeks dla internautow;Madej
Netykieta, czyli kodeks dla internautow;Lewis
Norton Utilities 6.0;Gookin
Nowe elementy systemu i jezyka Turbo Pascal w wersji 6.0 z opisem biblioteki Tur[...];Madej
Obsluga komputera krok po kroku;Kruk
Obsluga mikrokomputerow;Sikorski
Obsluga mikrokomputerow;Nowakowski
Od C do asemblera czyli jak skutecznie programowac interface uzytkownika;Wojciechowski
Office 2000, cz. 1;Rajca
Office 2000, cz. 2;Rajca
OS2 WARP nie tylko dla orlow;Fulton
Pascal - miniprzewodnik;Madej
PC nie tylko dla orlow;Kaczmarczyk
Pierwsze kroki z komputerem;Rose
Po prostu Internet;Todd
Po prostu Red Hat Linux 6;Davis
Po prostu Red Hat Linux 9;Harold
Po prostu Windows 98 wersja polska;Pancewicz
Podstawy informatyki;Zielinski
Podstawy informatyki;Kaczmarczyk
Poznaj swoj komputer;Harold
Poznajemy komputer PC XT/AT;Wojciechowski
Projektowanie systemow informacyjnych na przykladzie zarzadzania marketingiem;Davis
Przestepcze oblicza komputerow;Sikorski
Przestepcze oblicza komputerow;Czarny
Przewodnik po sieci Internet;Czarny
Przewodnik po ZX Spectrum;Madej
Przewodnik po ZX Spectrum;Kruk
Red Hat Linux 9. Cwiczenia praktyczne;Czarny
Sam modernizuje swoj komputer PC;Fulton
Sam naprawiam swoj komputer PC;Todd
Sam naprawiam swoj komputer PC;Bielecki
Sam naprawiam swoj komputer PC;Aitken
Specjalizowane uklady cyfrowe w strukturach PLD i FPGA;Zielinski
Specjalizowane uklady cyfrowe w strukturach PLD i FPGA;Lewis
Specjalizowane uklady cyfrowe w strukturach PLD i FPGA;Jagielski
StarOffice 5.2 PL. Cwiczenia praktyczne;Sokol
StarOffice PL Obsluga biura za darmo. Biblioteczka Komputer Swiata;Kaczmarczyk
System cybernetyczny;Kaczmarczyk
Szybciej niz mysl;Pancewicz
Szybciej niz mysl;Kaczmarczyk
Szybki kurs Windows 98;Lewis
Technologie informatyczne i edukacja multimedialna w praktyce szkolnej;Zielinski
Technologie informatyczne i edukacja multimedialna w praktyce szkolnej;Sokol
Turbo Pascal 5.0 wersja profesjonalna;Bielecki
Uzywam programu Pagemaker 5 do profesjonalnego skladu publikacji;Lewis
Windows 3.1 dla opornych;Rajca
Windows 98;Nelson
Windows w szkole. Twoj pierwszy elementarz;Kruk
Word dla Windows w 10 minut;Aitken
Wspolczesne systemy komputerowe;Kaczmarczyk
Wspoldzialanie programow w systemie cyfrowym;Syslo
Wstep do informatyki;Sokol
Wszystko o Internecie : latwiejsze niz myslisz;Jagielski
Zakup i rozbudowa komputera nie tylko dla orlow;Jagielski
Zrozumiec i polubic komputer;Jagielski
